Date,Company,Post,Location,Link
2023-07-27,Shiprocket,Frontend Developer,"Delhi, India",https://in.linkedin.com/jobs/view/frontend-developer-at-shiprocket-3676640555?position=1&pageNum=0&refId=DYnfkdUJF%2FWN5OcUZPSqNQ%3D%3D&trackingId=gHYkCOP%2FWf2FLvWVF7jEBw%3D%3D&trk=public_jobs_jserp-result_search-card
2023-06-07,Shiprocket,Software Developer,"Delhi, India",https://in.linkedin.com/jobs/view/software-developer-at-shiprocket-3628562065?position=2&pageNum=0&refId=DYnfkdUJF%2FWN5OcUZPSqNQ%3D%3D&trackingId=VPP3tLy7n5y0Cad%2F6Hoq9Q%3D%3D&trk=public_jobs_jserp-result_search-card
2023-06-06,Quadrangle,Frontend Developer,"Delhi, India",https://in.linkedin.com/jobs/view/frontend-developer-at-quadrangle-3627623512?position=3&pageNum=0&refId=DYnfkdUJF%2FWN5OcUZPSqNQ%3D%3D&trackingId=l0bR5oXVc4jiJ5rEiNSrKA%3D%3D&trk=public_jobs_jserp-result_search-card
2023-06-06,Shiprocket,Java developer,"Delhi, India",https://in.linkedin.com/jobs/view/java-developer-at-shiprocket-3627613388?position=4&pageNum=0&refId=DYnfkdUJF%2FWN5OcUZPSqNQ%3D%3D&trackingId=%2Ff4U2%2BsLLi4NfZNmKJ7fFw%3D%3D&trk=public_jobs_jserp-result_search-card
2024-06-19,Algoscale,Frontend Developer,"Delhi, India",https://in.linkedin.com/jobs/view/frontend-developer-at-algoscale-3954121608?position=5&pageNum=0&refId=DYnfkdUJF%2FWN5OcUZPSqNQ%3D%3D&trackingId=wmqB9oe%2BThf6PjvLNDf8Xg%3D%3D&trk=public_jobs_jserp-result_search-card
2024-01-19,Aakash Educational Services Limited,Frontend Developer,"Delhi, India",https://in.linkedin.com/jobs/view/frontend-developer-at-aakash-educational-services-limited-3829308937?position=6&pageNum=0&refId=DYnfkdUJF%2FWN5OcUZPSqNQ%3D%3D&trackingId=A%2F2P966%2B7r0k%2FdL8CPN2Kg%3D%3D&trk=public_jobs_jserp-result_search-card
2024-04-25,Internet Moguls,HTML Developer,"Delhi, Delhi, India",https://in.linkedin.com/jobs/view/html-developer-at-internet-moguls-3909030500?position=7&pageNum=0&refId=DYnfkdUJF%2FWN5OcUZPSqNQ%3D%3D&trackingId=%2FUuugb8RNvkPWweQVBEjnQ%3D%3D&trk=public_jobs_jserp-result_search-card
2023-06-12,Catalyst IQ,Frontend Developer,"Delhi, India",https://in.linkedin.com/jobs/view/frontend-developer-at-catalyst-iq-3656599228?position=8&pageNum=0&refId=DYnfkdUJF%2FWN5OcUZPSqNQ%3D%3D&trackingId=twNKaxz%2FDBNqF9RQteY3QA%3D%3D&trk=public_jobs_jserp-result_search-card
2023-11-05,Antal International,Frontend Developer,"Delhi, Delhi, India",https://in.linkedin.com/jobs/view/frontend-developer-at-antal-international-3758376187?position=9&pageNum=0&refId=DYnfkdUJF%2FWN5OcUZPSqNQ%3D%3D&trackingId=z7v9JtBu%2BBalHOVs4j2uCQ%3D%3D&trk=public_jobs_jserp-result_search-card
2024-05-24,Muoro,Frontend Developer - React.js/Javascript,"Delhi, Delhi, India",https://in.linkedin.com/jobs/view/frontend-developer-react-js-javascript-at-muoro-3931643448?position=10&pageNum=0&refId=DYnfkdUJF%2FWN5OcUZPSqNQ%3D%3D&trackingId=uFqc3ZVkdX4%2BiTOTRGK2kA%3D%3D&trk=public_jobs_jserp-result_search-card
2023-12-05,nCodeIT,Software Developer,"Delhi, Delhi, India",https://in.linkedin.com/jobs/view/software-developer-at-ncodeit-3787181691?position=11&pageNum=0&refId=DYnfkdUJF%2FWN5OcUZPSqNQ%3D%3D&trackingId=qgdLafRsf9lc3f150hdDPg%3D%3D&trk=public_jobs_jserp-result_search-card
2023-06-06,Ksolves India Limited,React.JS Developer,"Delhi, India",https://in.linkedin.com/jobs/view/react-js-developer-at-ksolves-india-limited-3627621330?position=12&pageNum=0&refId=DYnfkdUJF%2FWN5OcUZPSqNQ%3D%3D&trackingId=kMYRDbD%2FjmyxlcC%2BgFGe5A%3D%3D&trk=public_jobs_jserp-result_search-card
2023-06-06,Grappus,Frontend Developer,"Delhi, India",https://in.linkedin.com/jobs/view/frontend-developer-at-grappus-3627624619?position=13&pageNum=0&refId=DYnfkdUJF%2FWN5OcUZPSqNQ%3D%3D&trackingId=qCJ73CgtBtZzbt5kj9u1Rg%3D%3D&trk=public_jobs_jserp-result_search-card
2023-06-06,Healthmug,Frontend Developer,"Delhi, India",https://in.linkedin.com/jobs/view/frontend-developer-at-healthmug-3627623816?position=14&pageNum=0&refId=DYnfkdUJF%2FWN5OcUZPSqNQ%3D%3D&trackingId=JIzYhXIkoeCG6mGAOEGLpQ%3D%3D&trk=public_jobs_jserp-result_search-card
2024-06-07,FanCraze,Frontend Developer (ReactJS),"Delhi, India",https://in.linkedin.com/jobs/view/frontend-developer-reactjs-at-fancraze-3945204176?position=15&pageNum=0&refId=DYnfkdUJF%2FWN5OcUZPSqNQ%3D%3D&trackingId=uo8l%2FuyyNcknWDZU99B8%2Bg%3D%3D&trk=public_jobs_jserp-result_search-card
2023-06-06,Splat Studio,Frontend Developer,"Delhi, India",https://in.linkedin.com/jobs/view/frontend-developer-at-splat-studio-3627623048?position=16&pageNum=0&refId=DYnfkdUJF%2FWN5OcUZPSqNQ%3D%3D&trackingId=VzoPQRHChyVkXF%2FWGc4Bhg%3D%3D&trk=public_jobs_jserp-result_search-card
2024-06-03,Manhattan Tech Ventures,Junior React Frontend Developer,"New Delhi, Delhi, India",https://in.linkedin.com/jobs/view/junior-react-frontend-developer-at-manhattan-tech-ventures-3941164366?position=17&pageNum=0&refId=DYnfkdUJF%2FWN5OcUZPSqNQ%3D%3D&trackingId=zlS77RojwxvXdPRxxmk2lA%3D%3D&trk=public_jobs_jserp-result_search-card
2024-06-18,Virtusa,Python Developer,"Delhi, Delhi, India",https://in.linkedin.com/jobs/view/python-developer-at-virtusa-3952354200?position=18&pageNum=0&refId=DYnfkdUJF%2FWN5OcUZPSqNQ%3D%3D&trackingId=w9jyGPJT1puTbjwpe8nxHA%3D%3D&trk=public_jobs_jserp-result_search-card
2024-05-10,Om Sai Global HR Service,Frontend Developer,"Delhi, Delhi, India",https://in.linkedin.com/jobs/view/frontend-developer-at-om-sai-global-hr-service-3921394103?position=19&pageNum=0&refId=DYnfkdUJF%2FWN5OcUZPSqNQ%3D%3D&trackingId=t8vGYCKUbSaxnEuTeAy7Ww%3D%3D&trk=public_jobs_jserp-result_search-card
2023-06-06,"Fulcrum Biometrics, Inc.",Software Developer,"Delhi, India",https://in.linkedin.com/jobs/view/software-developer-at-fulcrum-biometrics-inc-3627619905?position=20&pageNum=0&refId=DYnfkdUJF%2FWN5OcUZPSqNQ%3D%3D&trackingId=n%2FAGeNBcH5TgJeiKdwY1hA%3D%3D&trk=public_jobs_jserp-result_search-card
2023-06-12,bijnis,React.js Developer,"Delhi, India",https://in.linkedin.com/jobs/view/react-js-developer-at-bijnis-3656598228?position=21&pageNum=0&refId=DYnfkdUJF%2FWN5OcUZPSqNQ%3D%3D&trackingId=54O4ek%2FsOzy%2FbmAf9lbmlw%3D%3D&trk=public_jobs_jserp-result_search-card
2024-02-19,Corewave,Python Developer,"Delhi, India",https://in.linkedin.com/jobs/view/python-developer-at-corewave-3833961021?position=22&pageNum=0&refId=DYnfkdUJF%2FWN5OcUZPSqNQ%3D%3D&trackingId=BZupjY961TZdoTXv0GOARw%3D%3D&trk=public_jobs_jserp-result_search-card
2024-05-14,Grey Chain,Python developer,"Delhi, India",https://in.linkedin.com/jobs/view/python-developer-at-grey-chain-3939352702?position=23&pageNum=0&refId=DYnfkdUJF%2FWN5OcUZPSqNQ%3D%3D&trackingId=%2Fdin%2FPq21KeXBEkW3bX6NA%3D%3D&trk=public_jobs_jserp-result_search-card
2023-06-06,MikeLegal,Frontend Developer,"Delhi, India",https://in.linkedin.com/jobs/view/frontend-developer-at-mikelegal-3627622730?position=24&pageNum=0&refId=DYnfkdUJF%2FWN5OcUZPSqNQ%3D%3D&trackingId=q7talnJ826mB9XJKeERhhg%3D%3D&trk=public_jobs_jserp-result_search-card
2024-04-27,Kuoni Tumlare,Software Engineer - PHP/JavaScript/API Developer,"Delhi Cantonment, Delhi, India",https://in.linkedin.com/jobs/view/software-engineer-php-javascript-api-developer-at-kuoni-tumlare-3932428518?position=25&pageNum=0&refId=DYnfkdUJF%2FWN5OcUZPSqNQ%3D%3D&trackingId=NiKVGNUr9T5nimvO%2BTp53w%3D%3D&trk=public_jobs_jserp-result_search-card
2024-03-14,Minutes Technology,Front-End Developer Intern,"Delhi, India",https://in.linkedin.com/jobs/view/front-end-developer-intern-at-minutes-technology-3853712549?position=26&pageNum=0&refId=DYnfkdUJF%2FWN5OcUZPSqNQ%3D%3D&trackingId=b104ja5Nn%2Bqq3%2B4UC4kVjA%3D%3D&trk=public_jobs_jserp-result_search-card
2024-06-08,Vecmocon Technologies,Interesting Job Opportunity: Vecmocon Technologies - Frontend Developer - CSS/HTML/Javascript,"Delhi, Delhi, India",https://in.linkedin.com/jobs/view/interesting-job-opportunity-vecmocon-technologies-frontend-developer-css-html-javascript-at-vecmocon-technologies-3941882876?position=27&pageNum=0&refId=DYnfkdUJF%2FWN5OcUZPSqNQ%3D%3D&trackingId=%2BaM7vuHULvXS57Oo4Tfmwg%3D%3D&trk=public_jobs_jserp-result_search-card
2023-06-06,Cerebry,Frontend Developer,"Delhi, India",https://in.linkedin.com/jobs/view/frontend-developer-at-cerebry-3627621866?position=28&pageNum=0&refId=DYnfkdUJF%2FWN5OcUZPSqNQ%3D%3D&trackingId=VY1ZJXASkZQ15jFlUlXoTA%3D%3D&trk=public_jobs_jserp-result_search-card
2024-01-25,va2pt.com,React Developer,"Delhi, India",https://in.linkedin.com/jobs/view/react-developer-at-va2pt-com-3815116848?position=29&pageNum=0&refId=DYnfkdUJF%2FWN5OcUZPSqNQ%3D%3D&trackingId=tgZsOhjXX1nBYb2VJGXBwA%3D%3D&trk=public_jobs_jserp-result_search-card
2023-06-06,Slim Panda,Web Developer,"Delhi, India",https://in.linkedin.com/jobs/view/web-developer-at-slim-panda-3627624339?position=30&pageNum=0&refId=DYnfkdUJF%2FWN5OcUZPSqNQ%3D%3D&trackingId=cO19m9%2Bcz4YX6vMNDna93Q%3D%3D&trk=public_jobs_jserp-result_search-card
2023-06-06,TBM Technologies Pvt Ltd,Python Developer,"Delhi, India",https://in.linkedin.com/jobs/view/python-developer-at-tbm-technologies-pvt-ltd-3627620746?position=31&pageNum=0&refId=DYnfkdUJF%2FWN5OcUZPSqNQ%3D%3D&trackingId=Zer4idSKNHFfeByMp3Ma%2BQ%3D%3D&trk=public_jobs_jserp-result_search-card
2024-06-06,Desire Div,Web Development Internship in Delhi,"Delhi, India",https://in.linkedin.com/jobs/view/web-development-internship-in-delhi-at-desire-div-3944654261?position=32&pageNum=0&refId=DYnfkdUJF%2FWN5OcUZPSqNQ%3D%3D&trackingId=Dh85ZueYYjziBrEaBiNjxg%3D%3D&trk=public_jobs_jserp-result_search-card
2024-06-08,Minutes Technology,Front-End Developer Intern,"Delhi, India",https://in.linkedin.com/jobs/view/front-end-developer-intern-at-minutes-technology-3946163689?position=33&pageNum=0&refId=DYnfkdUJF%2FWN5OcUZPSqNQ%3D%3D&trackingId=REdIlvnP3ivkMvN7oPMb%2BQ%3D%3D&trk=public_jobs_jserp-result_search-card
2024-05-13,DarioHealth,Backend Developer - Python,"Delhi, Delhi, India",https://in.linkedin.com/jobs/view/backend-developer-python-at-dariohealth-3920618884?position=34&pageNum=0&refId=DYnfkdUJF%2FWN5OcUZPSqNQ%3D%3D&trackingId=WjJ1mjMB%2FlArNV9xybcfRw%3D%3D&trk=public_jobs_jserp-result_search-card
2023-06-12,Kwantics,Python Developer,"Delhi, India",https://in.linkedin.com/jobs/view/python-developer-at-kwantics-3656595960?position=35&pageNum=0&refId=DYnfkdUJF%2FWN5OcUZPSqNQ%3D%3D&trackingId=ZMXIa5KPDZhLwBDpbLk2gQ%3D%3D&trk=public_jobs_jserp-result_search-card
2024-03-08,Solutions Inc.,Python Developer,"Delhi, India",https://in.linkedin.com/jobs/view/python-developer-at-solutions-inc-3849503426?position=36&pageNum=0&refId=DYnfkdUJF%2FWN5OcUZPSqNQ%3D%3D&trackingId=rVAEeJ1uaOhOB%2FgEkNAh5g%3D%3D&trk=public_jobs_jserp-result_search-card
2023-05-25,CodersBrain,Java Developer,"Delhi, Delhi, India",https://in.linkedin.com/jobs/view/java-developer-at-codersbrain-3635139887?position=37&pageNum=0&refId=DYnfkdUJF%2FWN5OcUZPSqNQ%3D%3D&trackingId=HpnlRors%2BqSaYKcJszZbJA%3D%3D&trk=public_jobs_jserp-result_search-card
2023-06-06,Locofast,Frontend Developer (ReactJS/HTML/CSS),"Delhi, India",https://in.linkedin.com/jobs/view/frontend-developer-reactjs-html-css-at-locofast-3627621626?position=38&pageNum=0&refId=DYnfkdUJF%2FWN5OcUZPSqNQ%3D%3D&trackingId=Ijh6I6cclsvoRGTsSDiqiw%3D%3D&trk=public_jobs_jserp-result_search-card
2024-06-19,Express Stores,Fullstack Developer,"Delhi, India",https://in.linkedin.com/jobs/view/fullstack-developer-at-express-stores-3954119851?position=39&pageNum=0&refId=DYnfkdUJF%2FWN5OcUZPSqNQ%3D%3D&trackingId=nZZEN6BblxioWYad3iXwyw%3D%3D&trk=public_jobs_jserp-result_search-card
2024-01-14,Turing,Full-Stack Developer,"Delhi, Delhi, India",https://in.linkedin.com/jobs/view/full-stack-developer-at-turing-3805102414?position=40&pageNum=0&refId=DYnfkdUJF%2FWN5OcUZPSqNQ%3D%3D&trackingId=fiC2UyHOItpQqkxD0oitwA%3D%3D&trk=public_jobs_jserp-result_search-card
2024-03-17,Tradenfill,Web Developer,"Delhi, Delhi, India",https://in.linkedin.com/jobs/view/web-developer-at-tradenfill-3893278483?position=41&pageNum=0&refId=DYnfkdUJF%2FWN5OcUZPSqNQ%3D%3D&trackingId=O7cFMqDUOwZ2wwG7AzOcdg%3D%3D&trk=public_jobs_jserp-result_search-card
2023-12-19,Turing,Python Developer,"Delhi, Delhi, India",https://in.linkedin.com/jobs/view/python-developer-at-turing-3805101381?position=42&pageNum=0&refId=DYnfkdUJF%2FWN5OcUZPSqNQ%3D%3D&trackingId=AhlS4sK6Pn5SbbP0RJcr2g%3D%3D&trk=public_jobs_jserp-result_search-card
2024-01-19,Alpha Technologies,Software Developer,"Delhi, India",https://in.linkedin.com/jobs/view/software-developer-at-alpha-technologies-3829309969?position=43&pageNum=0&refId=DYnfkdUJF%2FWN5OcUZPSqNQ%3D%3D&trackingId=CGoIBhuSajT4fimXFMcKHQ%3D%3D&trk=public_jobs_jserp-result_search-card
2024-04-29,Breezy Talent,React Developer,"Delhi, India",https://in.linkedin.com/jobs/view/react-developer-at-breezy-talent-3908895174?position=44&pageNum=0&refId=DYnfkdUJF%2FWN5OcUZPSqNQ%3D%3D&trackingId=4tt6Sk6voYFDP0yklw8SnQ%3D%3D&trk=public_jobs_jserp-result_search-card
2024-05-30,Immunosciences,Frontend Developer,"New Delhi, Delhi, India",https://in.linkedin.com/jobs/view/frontend-developer-at-immunosciences-3937579921?position=45&pageNum=0&refId=DYnfkdUJF%2FWN5OcUZPSqNQ%3D%3D&trackingId=F%2BtakxgofJx%2FlMC5PORYXQ%3D%3D&trk=public_jobs_jserp-result_search-card
2023-06-06,Finhence,web developer,"Delhi, India",https://in.linkedin.com/jobs/view/web-developer-at-finhence-3627613871?position=46&pageNum=0&refId=DYnfkdUJF%2FWN5OcUZPSqNQ%3D%3D&trackingId=Qt1MLGh92H%2BQJMZxQdW%2F9Q%3D%3D&trk=public_jobs_jserp-result_search-card
2024-01-14,Turing,Full-Stack Engineer,"Delhi, Delhi, India",https://in.linkedin.com/jobs/view/full-stack-engineer-at-turing-3805100442?position=47&pageNum=0&refId=DYnfkdUJF%2FWN5OcUZPSqNQ%3D%3D&trackingId=BNnbaMMT0sK9vx1UmtrXkg%3D%3D&trk=public_jobs_jserp-result_search-card
2024-06-19,Hiration,React.js Developer,"Delhi, Delhi, India",https://in.linkedin.com/jobs/view/react-js-developer-at-hiration-3953915705?position=48&pageNum=0&refId=DYnfkdUJF%2FWN5OcUZPSqNQ%3D%3D&trackingId=giXus1iAgLNFI9yKXDWkJA%3D%3D&trk=public_jobs_jserp-result_search-card
2024-03-17,Forcecraver Technologies,react js developer,"Delhi, Delhi, India",https://in.linkedin.com/jobs/view/react-js-developer-at-forcecraver-technologies-3893273582?position=49&pageNum=0&refId=DYnfkdUJF%2FWN5OcUZPSqNQ%3D%3D&trackingId=EgAABncMLakfEuH2mQsrIg%3D%3D&trk=public_jobs_jserp-result_search-card
2023-06-06,Shiprocket,PHP developer,"Delhi, India",https://in.linkedin.com/jobs/view/php-developer-at-shiprocket-3627615170?position=50&pageNum=0&refId=DYnfkdUJF%2FWN5OcUZPSqNQ%3D%3D&trackingId=8ti7e49qYrVQvZO%2FGejdcA%3D%3D&trk=public_jobs_jserp-result_search-card
2024-06-05,MiM-Essay,Front End Developer in Delhi,"Delhi, India",https://in.linkedin.com/jobs/view/front-end-developer-in-delhi-at-mim-essay-3943709197?position=51&pageNum=0&refId=DYnfkdUJF%2FWN5OcUZPSqNQ%3D%3D&trackingId=G0t4tsd5ezMMIA2p2Wxfig%3D%3D&trk=public_jobs_jserp-result_search-card
2024-05-04,Consilium Software,Software Developer - Java &amp; Python,"Delhi, Delhi, India",https://in.linkedin.com/jobs/view/software-developer-java-amp-python-at-consilium-software-3917306224?position=52&pageNum=0&refId=DYnfkdUJF%2FWN5OcUZPSqNQ%3D%3D&trackingId=%2F6%2BT%2F%2BaRv01DkQ2AHZddgA%3D%3D&trk=public_jobs_jserp-result_search-card
2023-06-12,Auxesis Infotech Pvt. Ltd,Web Developer,"Delhi, India",https://in.linkedin.com/jobs/view/web-developer-at-auxesis-infotech-pvt-ltd-3656595871?position=53&pageNum=0&refId=DYnfkdUJF%2FWN5OcUZPSqNQ%3D%3D&trackingId=ji1wXZdJnS%2Fny0rkhP%2Bycg%3D%3D&trk=public_jobs_jserp-result_search-card
2024-05-30,Ebslon Infotech Pvt Ltd,Ebslon Infotech - Full Stack Developer - Web Applications,"Delhi, Delhi, India",https://in.linkedin.com/jobs/view/ebslon-infotech-full-stack-developer-web-applications-at-ebslon-infotech-pvt-ltd-3937728208?position=54&pageNum=0&refId=DYnfkdUJF%2FWN5OcUZPSqNQ%3D%3D&trackingId=rPM4B3CbMruXjvJy8tdMkg%3D%3D&trk=public_jobs_jserp-result_search-card
2023-11-22,Turing,Full-Stack Developer,"Delhi, Delhi, India",https://in.linkedin.com/jobs/view/full-stack-developer-at-turing-3778348918?position=55&pageNum=0&refId=DYnfkdUJF%2FWN5OcUZPSqNQ%3D%3D&trackingId=edvTdC1zEC%2Bh0zp54SwL1w%3D%3D&trk=public_jobs_jserp-result_search-card
2024-05-10,Digital India Corporation,Full Stack Developers â€“ React and Node JS,"Delhi, Delhi, India",https://in.linkedin.com/jobs/view/full-stack-developers-%E2%80%93-react-and-node-js-at-digital-india-corporation-3921370645?position=56&pageNum=0&refId=DYnfkdUJF%2FWN5OcUZPSqNQ%3D%3D&trackingId=Nvr%2BHrcusuQRhotaBYwwYA%3D%3D&trk=public_jobs_jserp-result_search-card
2023-06-06,HeaderLabs,React.js Developer,"Delhi, India",https://in.linkedin.com/jobs/view/react-js-developer-at-headerlabs-3627616975?position=57&pageNum=0&refId=DYnfkdUJF%2FWN5OcUZPSqNQ%3D%3D&trackingId=TnI6dVLDC5iNnIkcgRbDMA%3D%3D&trk=public_jobs_jserp-result_search-card
2023-06-12,Response Informatics,Software Developer,"Delhi, India",https://in.linkedin.com/jobs/view/software-developer-at-response-informatics-3656593924?position=58&pageNum=0&refId=DYnfkdUJF%2FWN5OcUZPSqNQ%3D%3D&trackingId=1HZZuE6q3HIJlr8L9dkQ%2BQ%3D%3D&trk=public_jobs_jserp-result_search-card
2024-03-17,Qkrishi,Python Developer,"Delhi, Delhi, India",https://in.linkedin.com/jobs/view/python-developer-at-qkrishi-3893605867?position=59&pageNum=0&refId=DYnfkdUJF%2FWN5OcUZPSqNQ%3D%3D&trackingId=g1nl%2Fb7w0KNyib2am%2BEZ6Q%3D%3D&trk=public_jobs_jserp-result_search-card
2023-06-06,PhoneCurry.Com,Software Engineer,"Delhi, India",https://in.linkedin.com/jobs/view/software-engineer-at-phonecurry-com-3627622624?position=60&pageNum=0&refId=DYnfkdUJF%2FWN5OcUZPSqNQ%3D%3D&trackingId=SxMOtJV8yYjdTp9jhGFdvQ%3D%3D&trk=public_jobs_jserp-result_search-card
